<?xml version="1.0" encoding="UTF-8"?>

<faces-config
    xmlns="http://java.sun.com/xml/ns/javaee"
    xmlns:xsi="http://www.w3.org/2001/XMLSchema-instance"
    xsi:schemaLocation="http://java.sun.com/xml/ns/javaee http://java.sun.com/xml/ns/javaee/web-facesconfig_2_1.xsd"
    version="2.1">
<!--   <managed-bean>
<managed-bean-name>ll</managed-bean-name>
<managed-bean-class>com.login</managed-bean-class>
<managed-bean-scope>request</managed-bean-scope>
</managed-bean>-->
<navigation-rule>
<from-view-id>/index.jsp</from-view-id>
<navigation-case>
	<from-outcome>hello</from-outcome>
	<to-view-id>/login.jsp</to-view-id>
</navigation-case>
</navigation-rule>
<navigation-rule>
	<display-name>login</display-name>
	<from-view-id>login.jsp</from-view-id>
	<navigation-case>
		<from-outcome>Failure</from-outcome>
		<to-view-id>/Failure.jsp</to-view-id>
	</navigation-case>
</navigation-rule>
<navigation-rule>
	<display-name>login</display-name>
	<from-view-id>login.jsp</from-view-id>
	<navigation-case>
		<from-outcome>Success</from-outcome>
		<to-view-id>/Success.jsp</to-view-id>
	</navigation-case>
</navigation-rule>

</faces-config>
